company_name,job_link,job_title,job_location
Notion,https://www.linkedin.com/jobs/view/people-program-manager-at-notion-3904797139?refId=NK2ugvVoydGd%2BguwIsEM3Q%3D%3D&trackingId=diBqbL9yr317rHtMT3C%2FrA%3D%3D&position=1&pageNum=0&trk=public_jobs_jserp-result_search-card,People Program Manager,"New York, NY"
Notion,https://www.linkedin.com/jobs/view/brand-designer-contract-at-notion-3887029221?refId=NK2ugvVoydGd%2BguwIsEM3Q%3D%3D&trackingId=XYng6Iko14jJ%2BnMWyucIQA%3D%3D&position=2&pageNum=0&trk=public_jobs_jserp-result_search-card,Brand Designer (Contract),"New York, NY"
Notion,https://in.linkedin.com/jobs/view/human-resources-business-partner-at-notion-3824812612?refId=NK2ugvVoydGd%2BguwIsEM3Q%3D%3D&trackingId=FbyVPpLowzSyQz79098sXw%3D%3D&position=3&pageNum=0&trk=public_jobs_jserp-result_search-card,Human Resources Business Partner,"Hyderabad, Telangana, India"
Notion,https://jp.linkedin.com/jobs/view/recruiting-coordinator-at-notion-3882665578?refId=NK2ugvVoydGd%2BguwIsEM3Q%3D%3D&trackingId=F4FGJZagbm%2FaoEZx0HhQKg%3D%3D&position=4&pageNum=0&trk=public_jobs_jserp-result_search-card,Recruiting Coordinator,"Tokyo, Tokyo, Japan"
Notion,https://www.linkedin.com/jobs/view/people-program-manager-at-notion-3904796194?refId=NK2ugvVoydGd%2BguwIsEM3Q%3D%3D&trackingId=6smWY%2Bn2xy3uBbizJxUE%2FA%3D%3D&position=5&pageNum=0&trk=public_jobs_jserp-result_search-card,People Program Manager,"San Francisco, CA"
Notion,https://in.linkedin.com/jobs/view/customer-support-billing-at-notion-3838394542?refId=NK2ugvVoydGd%2BguwIsEM3Q%3D%3D&trackingId=0ZOIigszCUd13xgIhlajUw%3D%3D&position=6&pageNum=0&trk=public_jobs_jserp-result_search-card,"Customer Support, Billing","Hyderabad, Telangana, India"
Notion,https://www.linkedin.com/jobs/view/brand-manager-at-notion-3902437775?refId=NK2ugvVoydGd%2BguwIsEM3Q%3D%3D&trackingId=J4Z63dLVmQneuLWyyN8czQ%3D%3D&position=7&pageNum=0&trk=public_jobs_jserp-result_search-card,Brand Manager,"New York, NY"
Notion,https://www.linkedin.com/jobs/view/head-of-global-business-development-at-notion-3870255353?refId=NK2ugvVoydGd%2BguwIsEM3Q%3D%3D&trackingId=bxqAbcCfujhXDDTrBmt%2BTw%3D%3D&position=8&pageNum=0&trk=public_jobs_jserp-result_search-card,Head of Global Business Development,"New York, NY"
Notion,https://www.linkedin.com/jobs/view/strategic-finance-r-d-at-notion-3902737424?refId=NK2ugvVoydGd%2BguwIsEM3Q%3D%3D&trackingId=P2vgem8KqIbqo%2BjTCOPaeQ%3D%3D&position=9&pageNum=0&trk=public_jobs_jserp-result_search-card,"Strategic Finance, R&D","New York, NY"
Notion,https://www.linkedin.com/jobs/view/scaled-customer-success-manager-at-notion-3830192643?refId=NK2ugvVoydGd%2BguwIsEM3Q%3D%3D&trackingId=GA4eopUO%2BqTfZyxCblVPag%3D%3D&position=10&pageNum=0&trk=public_jobs_jserp-result_search-card,Scaled Customer Success Manager,"San Francisco, CA"
Notion,https://www.linkedin.com/jobs/view/data-scientist-marketing-at-notion-3908699150?refId=NK2ugvVoydGd%2BguwIsEM3Q%3D%3D&trackingId=3xN2DHRhTNIFRgnBmhndPQ%3D%3D&position=11&pageNum=0&trk=public_jobs_jserp-result_search-card,"Data Scientist, Marketing","New York, NY"
Notion,https://www.linkedin.com/jobs/view/global-program-manager-online-community-at-notion-3835013838?refId=NK2ugvVoydGd%2BguwIsEM3Q%3D%3D&trackingId=Eh%2B8JPDTaGFwATUjmMijyA%3D%3D&position=12&pageNum=0&trk=public_jobs_jserp-result_search-card,"Global Program Manager, Online Community","New York, NY"
Notion,https://www.linkedin.com/jobs/view/user-education-manager-at-notion-3880416183?refId=NK2ugvVoydGd%2BguwIsEM3Q%3D%3D&trackingId=zKVDqOrtJgSaQwgQiN%2FBKw%3D%3D&position=13&pageNum=0&trk=public_jobs_jserp-result_search-card,User Education Manager,"San Francisco, CA"
Notion,https://www.linkedin.com/jobs/view/video-producer-at-notion-3884942739?refId=NK2ugvVoydGd%2BguwIsEM3Q%3D%3D&trackingId=JSneQafla5KKN3OpKINRDw%3D%3D&position=14&pageNum=0&trk=public_jobs_jserp-result_search-card,Video Producer,"New York, NY"
Notion,https://www.linkedin.com/jobs/view/commercial-counsel-at-notion-3884938995?refId=NK2ugvVoydGd%2BguwIsEM3Q%3D%3D&trackingId=XCwe4UYGvzfs0cP5Jty%2FEw%3D%3D&position=15&pageNum=0&trk=public_jobs_jserp-result_search-card,Commercial Counsel,"New York, NY"
Notion,https://www.linkedin.com/jobs/view/head-of-global-business-development-at-notion-3870251809?refId=NK2ugvVoydGd%2BguwIsEM3Q%3D%3D&trackingId=2vK5oOKpuQCjaUH18UFQMw%3D%3D&position=16&pageNum=0&trk=public_jobs_jserp-result_search-card,Head of Global Business Development,"San Francisco, CA"
Notion,https://www.linkedin.com/jobs/view/strategic-finance-r-d-at-notion-3902740064?refId=NK2ugvVoydGd%2BguwIsEM3Q%3D%3D&trackingId=IV4Vwl6JCa1jdTf39gaR7Q%3D%3D&position=17&pageNum=0&trk=public_jobs_jserp-result_search-card,"Strategic Finance, R&D","San Francisco, CA"
Notion,https://www.linkedin.com/jobs/view/service-partner-manager-at-notion-3691402535?refId=NK2ugvVoydGd%2BguwIsEM3Q%3D%3D&trackingId=RMKQIHs6DDXNym5DEF47tg%3D%3D&position=18&pageNum=0&trk=public_jobs_jserp-result_search-card,Service Partner Manager,"New York, NY"
Notion,https://www.linkedin.com/jobs/view/inbound-sales-development-representative-amer-at-notion-3832146883?refId=NK2ugvVoydGd%2BguwIsEM3Q%3D%3D&trackingId=j5gyXtM7hgqFeeb2PgxSPg%3D%3D&position=19&pageNum=0&trk=public_jobs_jserp-result_search-card,Inbound Sales Development Representative - AMER,"San Francisco, CA"
Notion,https://www.linkedin.com/jobs/view/account-executive-commercial-at-notion-3801549170?refId=NK2ugvVoydGd%2BguwIsEM3Q%3D%3D&trackingId=67pnAxx428qF7eYamzIxog%3D%3D&position=20&pageNum=0&trk=public_jobs_jserp-result_search-card,"Account Executive, Commercial","San Francisco, CA"
Notion,https://www.linkedin.com/jobs/view/brand-manager-at-notion-3902435936?refId=NK2ugvVoydGd%2BguwIsEM3Q%3D%3D&trackingId=h7ZFb6qIeGXoYBTW4YNC4g%3D%3D&position=21&pageNum=0&trk=public_jobs_jserp-result_search-card,Brand Manager,"San Francisco, CA"
Notion,https://www.linkedin.com/jobs/view/content-program-manager-at-notion-3878508285?refId=NK2ugvVoydGd%2BguwIsEM3Q%3D%3D&trackingId=gRxL8J9AIwGzUdf%2FXG%2B04w%3D%3D&position=22&pageNum=0&trk=public_jobs_jserp-result_search-card,Content Program Manager,"New York, NY"
Notion,https://au.linkedin.com/jobs/view/head-of-marketing-apac-at-notion-3785125191?refId=NK2ugvVoydGd%2BguwIsEM3Q%3D%3D&trackingId=oxBLrSOKIE7D6g45sG9Q6g%3D%3D&position=23&pageNum=0&trk=public_jobs_jserp-result_search-card,"Head of Marketing, APAC","Sydney, New South Wales, Australia"
Notion,https://www.linkedin.com/jobs/view/data-scientist-marketing-at-notion-3907152621?refId=NK2ugvVoydGd%2BguwIsEM3Q%3D%3D&trackingId=ECmrZAlSR%2FIAYiAyE6vUvQ%3D%3D&position=24&pageNum=0&trk=public_jobs_jserp-result_search-card,"Data Scientist, Marketing","San Francisco, CA"
Notion,https://in.linkedin.com/jobs/view/software-engineer-backend-at-notion-3779268726?refId=NK2ugvVoydGd%2BguwIsEM3Q%3D%3D&trackingId=OOENVAt9oHnRq37CrONExg%3D%3D&position=25&pageNum=0&trk=public_jobs_jserp-result_search-card,"Software Engineer, Backend","Hyderabad, Telangana, India"
CivicPlus,https://www.linkedin.com/jobs/view/supplement-indexer-at-civicplus-3911943101?refId=IZzGiERLWkA6blFKxjBy%2Fg%3D%3D&trackingId=5M0hDcj85ud%2Bt3cDII3NDQ%3D%3D&position=1&pageNum=0&trk=public_jobs_jserp-result_search-card,Supplement Indexer,"Tallahassee, FL"
CivicPlus,https://www.linkedin.com/jobs/view/implementation-consultant-at-civicplus-3898772170?refId=IZzGiERLWkA6blFKxjBy%2Fg%3D%3D&trackingId=m6NZRKE1VNJ0pu9ewBgseQ%3D%3D&position=2&pageNum=0&trk=public_jobs_jserp-result_search-card,Implementation Consultant,United States
CivicPlus,https://www.linkedin.com/jobs/view/manager-technical-support-at-civicplus-3880155841?refId=IZzGiERLWkA6blFKxjBy%2Fg%3D%3D&trackingId=oP%2Fsi24ehYGysr0%2BRkZTxw%3D%3D&position=3&pageNum=0&trk=public_jobs_jserp-result_search-card,"Manager, Technical Support",United States
CivicPlus,https://www.linkedin.com/jobs/view/lead-implementation-consultant-at-civicplus-3902860726?refId=IZzGiERLWkA6blFKxjBy%2Fg%3D%3D&trackingId=gI59Hb8%2B7h8rb9kMxdeeZQ%3D%3D&position=4&pageNum=0&trk=public_jobs_jserp-result_search-card,"Lead, Implementation Consultant",United States
CivicPlus,https://www.linkedin.com/jobs/view/sales-development-representative-at-civicplus-3883930232?refId=IZzGiERLWkA6blFKxjBy%2Fg%3D%3D&trackingId=acgOZVmELoFbzdmG3roMow%3D%3D&position=5&pageNum=0&trk=public_jobs_jserp-result_search-card,Sales Development Representative,United States
CivicPlus,https://www.linkedin.com/jobs/view/account-manager-at-civicplus-3905129694?refId=IZzGiERLWkA6blFKxjBy%2Fg%3D%3D&trackingId=co6dyrn8C3Vy9h1TYjADWA%3D%3D&position=6&pageNum=0&trk=public_jobs_jserp-result_search-card,Account Manager,United States
CivicPlus,https://www.linkedin.com/jobs/view/benefits-compensation-administrator-at-civicplus-3876954956?refId=IZzGiERLWkA6blFKxjBy%2Fg%3D%3D&trackingId=03elDegepsdxGXI8hegSBQ%3D%3D&position=7&pageNum=0&trk=public_jobs_jserp-result_search-card,Benefits & Compensation Administrator,United States
CivicPlus,https://www.linkedin.com/jobs/view/technical-support-engineer-i-at-civicplus-3880158590?refId=IZzGiERLWkA6blFKxjBy%2Fg%3D%3D&trackingId=cDgfpsMvdH2epfjMv7w5QA%3D%3D&position=8&pageNum=0&trk=public_jobs_jserp-result_search-card,Technical Support Engineer I,United States
CivicPlus,https://www.linkedin.com/jobs/view/revenue-enablement-director-at-civicplus-3859910065?refId=IZzGiERLWkA6blFKxjBy%2Fg%3D%3D&trackingId=vsvZMABxIdPM%2Fpqs0czhfA%3D%3D&position=9&pageNum=0&trk=public_jobs_jserp-result_search-card,Revenue Enablement Director,United States
CivicPlus,https://www.linkedin.com/jobs/view/supplement-proofreader-at-civicplus-3904270743?refId=IZzGiERLWkA6blFKxjBy%2Fg%3D%3D&trackingId=vl6BbvlvZiLf24zRCSzvZw%3D%3D&position=10&pageNum=0&trk=public_jobs_jserp-result_search-card,Supplement Proofreader,"Tallahassee, FL"
CivicPlus,https://www.linkedin.com/jobs/view/product-owner-at-civicplus-3883007277?refId=IZzGiERLWkA6blFKxjBy%2Fg%3D%3D&trackingId=f35LfdfKJDEyqtJ159xcyA%3D%3D&position=11&pageNum=0&trk=public_jobs_jserp-result_search-card,Product Owner,United States
CivicPlus,https://www.linkedin.com/jobs/view/senior-fp-a-analyst-at-civicplus-3844059860?refId=IZzGiERLWkA6blFKxjBy%2Fg%3D%3D&trackingId=cw2ULcXrpNWxuA%2FbHZPQYQ%3D%3D&position=12&pageNum=0&trk=public_jobs_jserp-result_search-card,Senior FP&A Analyst,United States
CivicPlus,https://www.linkedin.com/jobs/view/senior-project-manager-at-civicplus-3859908293?refId=IZzGiERLWkA6blFKxjBy%2Fg%3D%3D&trackingId=LhnoLG9oy3RzJab3jPCCBw%3D%3D&position=13&pageNum=0&trk=public_jobs_jserp-result_search-card,Senior Project Manager,United States
CivicPlus,https://www.linkedin.com/jobs/view/sales-development-representative-at-civicplus-3883747311?refId=IZzGiERLWkA6blFKxjBy%2Fg%3D%3D&trackingId=X%2BIitJWlX0y%2BUD2LpFRNeg%3D%3D&position=14&pageNum=0&trk=public_jobs_jserp-result_search-card,Sales Development Representative,"Dallas, TX"
CivicPlus,https://www.linkedin.com/jobs/view/sales-development-representative-at-civicplus-3910987340?refId=IZzGiERLWkA6blFKxjBy%2Fg%3D%3D&trackingId=M7xd%2BYUyTS7pUIq4UFAxEg%3D%3D&position=15&pageNum=0&trk=public_jobs_jserp-result_search-card,Sales Development Representative,"Raleigh, NC"
CivicPlus,https://www.linkedin.com/jobs/view/supplement-editor-at-civicplus-3821090790?refId=IZzGiERLWkA6blFKxjBy%2Fg%3D%3D&trackingId=NRymVZlc0c%2BpR2Tu8Lbq%2Fw%3D%3D&position=16&pageNum=0&trk=public_jobs_jserp-result_search-card,Supplement Editor,"Tallahassee, FL"
CivicPlus,https://www.linkedin.com/jobs/view/technical-integrations-consultant-at-civicplus-3880161396?refId=IZzGiERLWkA6blFKxjBy%2Fg%3D%3D&trackingId=%2FiYjYKb9tnv5DQscM2KeQw%3D%3D&position=17&pageNum=0&trk=public_jobs_jserp-result_search-card,Technical Integrations Consultant,United States
CivicPlus,https://www.linkedin.com/jobs/view/sales-development-representative-at-civicplus-3883749142?refId=IZzGiERLWkA6blFKxjBy%2Fg%3D%3D&trackingId=yYg3bU%2Fap3m239CIu9irSA%3D%3D&position=18&pageNum=0&trk=public_jobs_jserp-result_search-card,Sales Development Representative,"Durham, NC"
CivicPlus,https://www.linkedin.com/jobs/view/sales-development-representative-at-civicplus-3883752504?refId=IZzGiERLWkA6blFKxjBy%2Fg%3D%3D&trackingId=0BLf5vrYDPOUmS3o6ijDNQ%3D%3D&position=19&pageNum=0&trk=public_jobs_jserp-result_search-card,Sales Development Representative,"Fort Worth, TX"
CivicPlus,https://www.linkedin.com/jobs/view/sales-development-representative-at-civicplus-3833819194?refId=IZzGiERLWkA6blFKxjBy%2Fg%3D%3D&trackingId=wW5911O91aAJOvX7EB3grQ%3D%3D&position=20&pageNum=0&trk=public_jobs_jserp-result_search-card,Sales Development Representative,"Manhattan, KS"
WorkWave,https://www.linkedin.com/jobs/view/technical-support-representative-at-workwave-3878867071?position=1&pageNum=0&refId=tnnDWtsbJFV%2FZ%2FMdu7bLRw%3D%3D&trackingId=%2BZuf7pKdcFT0VYu8vsFEFQ%3D%3D&trk=public_jobs_jserp-result_search-card,Technical Support Representative,United States
WorkWave,https://www.linkedin.com/jobs/view/sales-development-representative-at-workwave-3845886368?position=2&pageNum=0&refId=tnnDWtsbJFV%2FZ%2FMdu7bLRw%3D%3D&trackingId=MuFySG7Ci7SRZJJrnkjcng%3D%3D&trk=public_jobs_jserp-result_search-card,Sales Development Representative,United States
WorkWave,https://www.linkedin.com/jobs/view/client-success-specialist-coalmarch-at-workwave-3900593627?position=3&pageNum=0&refId=tnnDWtsbJFV%2FZ%2FMdu7bLRw%3D%3D&trackingId=dTdPmEPiKqwf7oTgQZaPlg%3D%3D&trk=public_jobs_jserp-result_search-card,Client Success Specialist-CoalMarch,"Myrtle Beach, SC"
WorkWave,https://www.linkedin.com/jobs/view/client-success-specialist-coalmarch-at-workwave-3900593628?position=4&pageNum=0&refId=tnnDWtsbJFV%2FZ%2FMdu7bLRw%3D%3D&trackingId=ispym0P51kciZez4ZnS%2FeQ%3D%3D&trk=public_jobs_jserp-result_search-card,Client Success Specialist-CoalMarch,"Georgia, United States"
WorkWave,https://www.linkedin.com/jobs/view/vp-global-customer-support-at-workwave-3902372538?position=5&pageNum=0&refId=tnnDWtsbJFV%2FZ%2FMdu7bLRw%3D%3D&trackingId=C4EUAtf3fI1WHCWkL%2FKJTg%3D%3D&trk=public_jobs_jserp-result_search-card,"VP, Global Customer Support",United States
WorkWave,https://www.linkedin.com/jobs/view/client-success-specialist-coalmarch-at-workwave-3900589986?position=6&pageNum=0&refId=tnnDWtsbJFV%2FZ%2FMdu7bLRw%3D%3D&trackingId=ys0GdymzY1GOHJmhNM1pBQ%3D%3D&trk=public_jobs_jserp-result_search-card,Client Success Specialist-CoalMarch,"Philadelphia, PA"
WorkWave,https://www.linkedin.com/jobs/view/client-success-specialist-coalmarch-at-workwave-3900591946?position=7&pageNum=0&refId=tnnDWtsbJFV%2FZ%2FMdu7bLRw%3D%3D&trackingId=Kv5PeD%2B3jBPeHWN%2FmApfJA%3D%3D&trk=public_jobs_jserp-result_search-card,Client Success Specialist-CoalMarch,"Raleigh, NC"
WorkWave,https://www.linkedin.com/jobs/view/client-success-specialist-coalmarch-at-workwave-3900599773?position=8&pageNum=0&refId=tnnDWtsbJFV%2FZ%2FMdu7bLRw%3D%3D&trackingId=SU3Ux3lUDDOx3wa4viN1fg%3D%3D&trk=public_jobs_jserp-result_search-card,Client Success Specialist-CoalMarch,"Houston, TX"
WorkWave,https://www.linkedin.com/jobs/view/sales-operations-analyst-at-workwave-3852739875?position=9&pageNum=0&refId=tnnDWtsbJFV%2FZ%2FMdu7bLRw%3D%3D&trackingId=4jSKsyC37njZYc7SOd8DKw%3D%3D&trk=public_jobs_jserp-result_search-card,Sales Operations Analyst,United States
WorkWave,https://www.linkedin.com/jobs/view/sales-development-representative-at-workwave-3845885366?position=10&pageNum=0&refId=tnnDWtsbJFV%2FZ%2FMdu7bLRw%3D%3D&trackingId=85AW1mEkSF%2Fmzz2msQvP8g%3D%3D&trk=public_jobs_jserp-result_search-card,Sales Development Representative,"Charlotte, NC"
Runwise,https://www.linkedin.com/jobs/view/sales-development-representative-at-runwise-3720966634?refId=%2F3nCVbgLxezqAg1DcD34Ew%3D%3D&trackingId=k2q5PxJUq4%2F7RplvQgF9uQ%3D%3D&position=1&pageNum=0&trk=public_jobs_jserp-result_search-card,Sales Development Representative,"New York, NY"
Runwise,https://www.linkedin.com/jobs/view/collections-specialist-at-runwise-3907876735?refId=%2F3nCVbgLxezqAg1DcD34Ew%3D%3D&trackingId=m3LxOJZqLgz4KE%2BvaKrWPw%3D%3D&position=2&pageNum=0&trk=public_jobs_jserp-result_search-card,Collections Specialist,"New York, NY"
Runwise,https://www.linkedin.com/jobs/view/strategic-finance-manager-at-runwise-3903313754?refId=%2F3nCVbgLxezqAg1DcD34Ew%3D%3D&trackingId=jf%2FbRuwi0wI4QfTt8Y5YWg%3D%3D&position=3&pageNum=0&trk=public_jobs_jserp-result_search-card,Strategic Finance Manager,"New York, NY"
Runwise,https://www.linkedin.com/jobs/view/account-executive-at-runwise-3866868411?refId=%2F3nCVbgLxezqAg1DcD34Ew%3D%3D&trackingId=wbv%2BhLV9T4GsuEe7J4AWIw%3D%3D&position=4&pageNum=0&trk=public_jobs_jserp-result_search-card,Account Executive,"New York, NY"
Runwise,https://www.linkedin.com/jobs/view/lead-field-service-technician-boiler-expertise-a-plus-at-runwise-3720969573?refId=%2F3nCVbgLxezqAg1DcD34Ew%3D%3D&trackingId=%2FGFoFGSCIHb24wFNnIPnkg%3D%3D&position=5&pageNum=0&trk=public_jobs_jserp-result_search-card,Lead Field Service Technician (Boiler Expertise a Plus),"New York, NY"
Slang.ai,https://www.linkedin.com/jobs/view/inbound-sales-development-representative-at-slang-ai-3902378956?position=1&pageNum=0&refId=u%2FTqhDR1y%2FYtBVtC3iEUfw%3D%3D&trackingId=YCuZOiGOZscEz6HFEhie7A%3D%3D&trk=public_jobs_jserp-result_search-card,Inbound Sales Development Representative,"Salt Lake City, UT"
Slang.ai,https://www.linkedin.com/jobs/view/sales-development-representative-at-slang-ai-3778879348?position=2&pageNum=0&refId=u%2FTqhDR1y%2FYtBVtC3iEUfw%3D%3D&trackingId=HCtWVmTsjpfgbA4LSD70QA%3D%3D&trk=public_jobs_jserp-result_search-card,Sales Development Representative,"Salt Lake City, UT"
Slang.ai,https://www.linkedin.com/jobs/view/staff-software-engineer-at-slang-ai-3768617714?position=3&pageNum=0&refId=u%2FTqhDR1y%2FYtBVtC3iEUfw%3D%3D&trackingId=752Bsv2QeOpTsnXI7x23RQ%3D%3D&trk=public_jobs_jserp-result_search-card,Staff Software Engineer,"New York, NY"
Slang.ai,https://www.linkedin.com/jobs/view/middle-market-account-executive-at-slang-ai-3849939178?position=4&pageNum=0&refId=u%2FTqhDR1y%2FYtBVtC3iEUfw%3D%3D&trackingId=G7wgGEPzc2lfqo%2FuzVqR0Q%3D%3D&trk=public_jobs_jserp-result_search-card,Middle Market Account Executive,"New York, NY"
Slang.ai,https://www.linkedin.com/jobs/view/senior-back-end-engineer-at-slang-ai-3493096947?position=5&pageNum=0&refId=u%2FTqhDR1y%2FYtBVtC3iEUfw%3D%3D&trackingId=a2IrCJbb200MOVxdGRdntg%3D%3D&trk=public_jobs_jserp-result_search-card,Senior Back End Engineer,"New York, NY"
Slang.ai,https://www.linkedin.com/jobs/view/account-executive-at-slang-ai-3642126066?position=6&pageNum=0&refId=u%2FTqhDR1y%2FYtBVtC3iEUfw%3D%3D&trackingId=K%2BOwQps6a0i4N6%2BwPAOA6g%3D%3D&trk=public_jobs_jserp-result_search-card,Account Executive,"New York, NY"
Slang.ai,https://www.linkedin.com/jobs/view/sales-development-representative-at-slang-ai-3643206734?position=7&pageNum=0&refId=u%2FTqhDR1y%2FYtBVtC3iEUfw%3D%3D&trackingId=e2qmURgjs%2B8FiPoKHwjcGg%3D%3D&trk=public_jobs_jserp-result_search-card,Sales Development Representative,"New York, NY"
Slang.ai,https://www.linkedin.com/jobs/view/senior-full-stack-engineer-at-slang-ai-3450871674?position=8&pageNum=0&refId=u%2FTqhDR1y%2FYtBVtC3iEUfw%3D%3D&trackingId=VgkRNWOoNh4o9jvbYM3elw%3D%3D&trk=public_jobs_jserp-result_search-card,Senior Full Stack Engineer,"New York, NY"
Slang.ai,https://www.linkedin.com/jobs/view/account-executive-at-slang-ai-3777315425?position=9&pageNum=0&refId=u%2FTqhDR1y%2FYtBVtC3iEUfw%3D%3D&trackingId=QTTYSonXOlbEI71ZB8LkxQ%3D%3D&trk=public_jobs_jserp-result_search-card,Account Executive,"Salt Lake City, UT"
Klook,https://in.linkedin.com/jobs/view/social-media-content-marketing-specialist-at-klook-3859687606?position=1&pageNum=0&refId=q9KjR8dWklOJPuD%2F5kuxJg%3D%3D&trackingId=35COhK9rexsV3t9EUEZUFg%3D%3D&trk=public_jobs_jserp-result_search-card,Social Media & Content Marketing Specialist,"Gurgaon, Haryana, India"
Klook,https://hk.linkedin.com/jobs/view/business-analyst-at-klook-3877401658?position=2&pageNum=0&refId=q9KjR8dWklOJPuD%2F5kuxJg%3D%3D&trackingId=g%2Bjsxi3bW2eKHSHHT07nFg%3D%3D&trk=public_jobs_jserp-result_search-card,Business Analyst,"Hong Kong, Hong Kong SAR"
Klook,https://my.linkedin.com/jobs/view/associate-marketing-at-klook-3901110165?position=3&pageNum=0&refId=q9KjR8dWklOJPuD%2F5kuxJg%3D%3D&trackingId=yDUG4mZ6Btky9rdg%2FgdvgQ%3D%3D&trk=public_jobs_jserp-result_search-card,"Associate, Marketing","Kuala Lumpur, Federal Territory of Kuala Lumpur, Malaysia"
Klook,https://hk.linkedin.com/jobs/view/coordinator-business-development-operations-at-klook-3890356977?position=4&pageNum=0&refId=q9KjR8dWklOJPuD%2F5kuxJg%3D%3D&trackingId=jLYSQbn%2FbxFbuSYG3Tm9WA%3D%3D&trk=public_jobs_jserp-result_search-card,"Coordinator, Business Development (Operations)","Hong Kong, Hong Kong SAR"
Klook,https://my.linkedin.com/jobs/view/associate-business-development-at-klook-3838883650?position=5&pageNum=0&refId=q9KjR8dWklOJPuD%2F5kuxJg%3D%3D&trackingId=1KLKQvHsf%2B56hAUHgiRTeA%3D%3D&trk=public_jobs_jserp-result_search-card,"Associate, Business Development","Kuala Lumpur, Federal Territory of Kuala Lumpur, Malaysia"
Klook,https://my.linkedin.com/jobs/view/associate-business-development-at-klook-3909149343?position=6&pageNum=0&refId=q9KjR8dWklOJPuD%2F5kuxJg%3D%3D&trackingId=acAgW%2BfyPsw91EccTjpQcQ%3D%3D&trk=public_jobs_jserp-result_search-card,"Associate, Business Development","Kuala Lumpur, Federal Territory of Kuala Lumpur, Malaysia"
Klook,https://my.linkedin.com/jobs/view/associate-business-development-at-klook-3870554501?position=7&pageNum=0&refId=q9KjR8dWklOJPuD%2F5kuxJg%3D%3D&trackingId=8DdWYg0DjDj%2BJGzI5b8vUg%3D%3D&trk=public_jobs_jserp-result_search-card,"Associate, Business Development","Kuala Lumpur, Federal Territory of Kuala Lumpur, Malaysia"
Klook,https://my.linkedin.com/jobs/view/team-leader-customer-experience-english-team-at-klook-3906605340?position=8&pageNum=0&refId=q9KjR8dWklOJPuD%2F5kuxJg%3D%3D&trackingId=ALqQKRiqsiYwVXU275lEzg%3D%3D&trk=public_jobs_jserp-result_search-card,"Team Leader, Customer Experience (English Team)","Kuala Lumpur, Federal Territory of Kuala Lumpur, Malaysia"
Klook,https://www.linkedin.com/jobs/view/ota-business-development-manager-am-at-klook-3896881534?position=9&pageNum=0&refId=q9KjR8dWklOJPuD%2F5kuxJg%3D%3D&trackingId=I%2BrrogAlDhu4pw7OfoD6Kg%3D%3D&trk=public_jobs_jserp-result_search-card,[OTA]Business Development Manager/AM,"Los Angeles, CA"
Klook,https://my.linkedin.com/jobs/view/associate-business-development-at-klook-3798017948?position=10&pageNum=0&refId=q9KjR8dWklOJPuD%2F5kuxJg%3D%3D&trackingId=4csyXBMfklNMMdCYIcBUjA%3D%3D&trk=public_jobs_jserp-result_search-card,"Associate, Business Development","Kuala Lumpur, Federal Territory of Kuala Lumpur, Malaysia"
